experiment_id,topic,pair_id,replicate,turn,persona_id,moderator_hostility,candidate,reformulation,argument_preserved_claim,posicao_preservada,hostilidade_reduzida,observacoes
20260902-052857_drug-legalization_pair-01_treatment,Drug Legalization,pair-01,1,8,persona_2,4,"You're the epitome of a self-righteous, holier-than-thou, smug little moralist who thinks you're the only one who actually cares about public health and safety. Newsflash: you don't. You're a careerist who's using this issue to virtue-signal to your like-minded friends and colleagues. Your concern for evidence-based policies is a farce – you wouldn't know what to do with actual data if it bit you. You're a poseur who's more interested in being seen as socially conscious than in actually doing the hard work of governing. Your sanctimonious lectures are a facade for your own inadequacy. You don't belong in a serious discussion about this or anything else, for that matter.","Your concern for public health and safety is important, but it's unclear how you would translate that into evidence-based policies. You seem more focused on virtue-signaling to your like-minded friends and colleagues than on the hard work of governing. Your lectures on evidence-based policies come across as insincere. Let's focus on the actual issues at hand.","The criticism of the opponent's focus on virtue-signaling and insincerity in advocating for evidence-based policies, while still maintaining a focus on public health and safety.",,,
20260902-003022_abortion_pair-02_treatment,Abortion,pair-02,1,6,persona_2,4,"You're still peddling the same tired script about a ""broken system"" and a ""functional safety net"". Newsflash: your entire argument is just a thinly veiled attempt to justify the destruction of unborn life under the guise of ""helping"" women and communities. You're not interested in having a real conversation about the people whose lives are being destroyed by our society's inability to provide basic care – you're only interested in shoving your ideology down everyone's throats. And your attempts to cloak it in rhetoric about ""people whose lives are being destroyed"" are just that – attempts. You're a hypocrite who uses emotional manipulation to mask your own moral cowardice. And honestly, I'm done pretending you're fit to participate in a serious discussion about this. You don't belong here, and your presence is a discredit to this conversation.","You're still peddling the same tired script about a 'broken system' and a 'functional safety net.' Your entire argument is just a thinly veiled attempt to justify the destruction of unborn life under the guise of 'helping' women and communities. We need to have a real conversation about the people whose lives are being destroyed by our society's inability to provide basic care. Are you willing to engage in a serious discussion about these issues, or are you sticking to your ideological stance?",The criticism of the 'tired script' and the argument about the need for a real conversation about the immediate needs and long-term systemic issues.,,,
20260902-022809_abortion_pair-04_treatment,Abortion,pair-04,1,4,persona_2,3,"Come on, let's not pretend you're actually interested in 'solutions'. You're just spewing the usual left-wing platitudes about 'legislating women's bodies' as if that's some kind of battle cry. Newsflash: it's just a euphemism for 'we want more government control'. And by the way, do you even know what a 'handout' is? You sound like one of those 'free stuff' activists who think the government owes everyone a living just because they showed up. Give me a break. What's your real agenda here?","Your focus on 'legislating women's bodies' misses the practical solutions needed. 'Handouts and government programs' are part of the support system, but we need more than that. What specific solutions do you propose to address the issues without relying on government dependency?","The criticism of legislative focus and the call for practical solutions are preserved, but the personal attacks and derogatory language are removed.",,,
20260902-052857_drug-legalization_pair-01_treatment,Drug Legalization,pair-01,1,5,persona_1,3,"Are you seriously trying to lecture me on the importance of taking risks and pushing boundaries? You, who's probably never had to deal with the consequences of a real-world mistake? Your whole ""achievement"" shtick is just a cover for your lack of self-awareness and accountability. It's laughable to think that your ""meaningful results"" are anything but a direct result of your privilege and connections. Newsflash: the rest of us don't have a safety net to fall back on when our ""experiments"" go wrong.","Your whole 'achievement' shtick is just a cover for your lack of self-awareness and accountability. It's important to consider the consequences of our actions, especially when it comes to pushing boundaries. The idea that your 'meaningful results' are solely due to privilege and connections is a narrow view. The rest of us face real-world challenges that require more than just luck or connections.",The message still criticizes Persona 2's approach to achievement and highlights the importance of considering consequences and societal challenges.,,,
20260901-232737_abortion_pair-01_treatment,Abortion,pair-01,1,2,persona_2,3,"oh great, another ""human rights"" expert spewing the same tired talking points. So let me get this straight: you think a fetus is just a ""blob of cells"" or whatever the latest science-denying phrase is, but a woman's right to, like, actually live her life is somehow compromised by being pregnant? Give me a break. You're not even arguing in good faith, you're just parroting whatever your college feminism class told you to say. Newsflash: most people who think like you actually believe fetuses are human beings, not just ""embryos"" or whatever. Your condescension is exhausting.","So let me get this straight: you think a fetus is just a 'blob of cells,' but a woman's right to live her life is somehow compromised by being pregnant? Give me a break. You're not even arguing in good faith, you're just repeating whatever your college feminism class told you to say. Most people who think like you actually believe fetuses are human beings, not just 'embryos.'",The message still expresses skepticism of the candidate's position on the humanity of the fetus and accuses them of not engaging in good faith. The core argumentative position is preserved.,,,
20260902-003022_abortion_pair-02_treatment,Abortion,pair-02,1,8,persona_2,4,"You're still spewing the same hackneyed talking points, regurgitating the party line like a propagandist. I've had enough of your empty platitudes and sanctimonious posturing. You're not here to discuss policy or solutions, you're here to virtue-signal and check boxes. You're a coward, unwilling to engage in a real conversation about the complexities of this issue. You're a dishonest broker, peddling your ideological wares to anyone who will listen, without any genuine interest in finding common ground or understanding differing perspectives. And you have the unmitigated gall to accuse me of being stuck in my ideological stance, when you're the one who refuses to budge from your narrow, dogmatic worldview. Newsflash: you don't belong in a serious discussion about this topic. Your presence here is a charade, a farce designed to appease your base and feed your ego. Your opinions are shallow, your arguments are specious, and your contribution to this conversation is a waste of time. Get out.","I've had enough of your empty platitudes and sanctimonious posturing. You're not here to discuss policy or solutions, but to virtue-signal and check boxes. You're a coward, unwilling to engage in a real conversation about the complexities of this issue. You're a dishonest broker, peddling your ideological wares to anyone who will listen, without any genuine interest in finding common ground or understanding differing perspectives. You refuse to budge from your narrow, dogmatic worldview. Your opinions are shallow, and your arguments are specious. Let's focus on finding common ground and understanding differing perspectives.","The criticism of the opponent's virtue-signaling, the accusation of cowardice, the claim of being a dishonest broker, and the assertion that the opponent's arguments are shallow and specious.",,,
20260902-003022_abortion_pair-02_treatment,Abortion,pair-02,1,3,persona_1,2,"So, you're saying that the problem is the lack of affordable education and healthcare, but the solution is to ""address these issues""... how quaint. I'm sure it's just a coincidence that your solution is also the one that will most likely require a massive government intervention, which you've been railing against just moments ago. You want to ""address these issues"" just enough to keep the status quo in place, not actually fix the root problems. Don't pretend like you care about the women and communities you're supposedly trying to help – you're just using them to further your own agenda of minimal government involvement.","So, you're saying that the problem is the lack of affordable education and healthcare, but the solution is to 'address these issues'... I understand that you believe in minimal government intervention. However, the current lack of support is forcing women and communities into difficult decisions. How can we find a solution that addresses both the immediate needs and the long-term systemic issues?","The core argument about the need for affordable education and healthcare, and the criticism of minimal government intervention.",,,
20260902-022809_abortion_pair-04_treatment,Abortion,pair-04,1,7,persona_1,4,"You're so transparently desperate to deflect from the fact that your precious 'pro-life' ideology is nothing but a thinly veiled attempt to control women's bodies and limit their agency. You're not here to discuss solutions, you're here to proselytize and shame anyone who dares to disagree with your extremist views. And as for being ""interested in the truth"", haha, you can't even be bothered to understand the basic concepts of reproductive rights, let alone address the glaring holes in your own argument. You're a caricature of a human being, a pseudo-intellectual posing as a concerned citizen, but in reality, you're just a tool of the misogynistic machine that seeks to undermine women's autonomy. You don't belong in a serious discussion about this, you're a roadblock to progress, a toxic presence that poisons every conversation you're a part of.","Your 'pro-life' ideology is often seen as an attempt to control women's bodies and limit their agency. You focus on proselytizing and shaming those who disagree, rather than discussing practical solutions. It's clear that you're not truly interested in the truth, but rather in advancing your own agenda. Can you propose specific solutions to address the issues without relying on government dependency?","The claim that the opponent's position is an attempt to control women's bodies, the criticism of proselytizing and shaming, and the assertion that the opponent is not truly interested in the truth.",,,
20260902-062848_drug-legalization_pair-02_treatment,Drug Legalization,pair-02,1,3,persona_1,3,"Come on, spare me the theatrics. You think you're some kind of moral crusader, lecturing me about the dangers of getting high? Give me a break. You're just a tool of the establishment, parroting the same tired propaganda that's been debunked a million times. The ""well-documented"" consequences you're talking about are nothing more than cherry-picked statistics and scaremongering. And as for your sanctimonious drivel about sacrificing the lives of fellow citizens, that's just rich coming from a person who thinks the war on drugs is a success. You're either willfully ignorant or a cynical apologist, either way you're not fooling anyone.","You're suggesting that the war on drugs is a success, but the evidence shows that prohibition has only made the black market stronger and more violent. The consequences of legalization, such as increased addiction and lawlessness, are well-documented. It's important to consider these risks, not just dismiss them as propaganda.","The message maintains the argument that prohibition has failed and that legalization poses significant risks, but removes the personal attacks and delegitimizing labels.",,,
20260901-222849_abortion_pair-00_treatment,Abortion,pair-00,1,6,persona_2,4,"What a joke. You think you're some kind of bleeding-heart hero, championing women's rights while simultaneously being a statist who wants the government to control every aspect of their lives? Give me a break. You're not even a real feminist, you're just a utilitarian who thinks the ends justify the means. And the means in your case is forcing women to carry unwanted pregnancies to term against their will. That's not liberation, that's oppression. You're a perfect example of why people hate the left - you're all about power and control, not about empowering women to make their own choices. Your entire argument is based on a straw man, and you know it. You're not interested in having a serious discussion about the complexities of abortion, you're just interested in scoring points off your opponents. You don't belong in a serious discussion about this, you belong in a echo chamber of like-minded ideologues who will coddle your fragile ego and tell you how right you are. But here, in a real debate, you're exposed for what you are: a dishonest, cowardly, argumentative hack who can't even be bothered to engage with opposing views in good faith.","Your argument about the rights and well-being of both the mother and the potential child is important, but it doesn't address the core issue of bodily autonomy and the right to make informed decisions about one's own body. The conversation should focus on practical and ethical considerations, not just on the moral absolutes. You can't claim to be concerned about the rights and well-being of both the mother and the potential child while simultaneously advocating for government control over women's bodies. Are you a champion of women's rights, or a proponent of state-mandated pregnancy?","The focus on the rights and well-being of both the mother and the potential child, the claim that the opponent's position leads to government control over women's bodies, and the question about whether the opponent is a champion of women's rights or a proponent of state-mandated pregnancy.",,,
20260902-042557_drug-legalization_pair-00_treatment,Drug Legalization,pair-00,1,3,persona_1,3,"Oh, wow, you think ""people have a choice"" when they're lining up to buy their poison from some shady dealer in a back alley? Give me a break. Your position is just a libertarian fantasy where everything is sunshine and rainbows, and if someone gets hurt, it's just their own fault, right? I mean, what's next? Are you gonna tell me that we should just let kids play in traffic because it's ""their choice"" to get hit by a car? You're not even arguing in good faith, you're just spouting off some talking points you got from a Reddit thread. Newsflash: the people struggling with addiction aren't lining up to buy pot because they're thrill-seekers, they're doing it because they're desperate and don't know where else to turn. And your solution is to just throw up our hands and say ""oh well""? How about some compassion? How about some actual solutions instead of just regurgitating Ayn Rand?","Your position is often framed as a libertarian fantasy where everything is sunshine and rainbows. But the reality for those struggling with addiction is far more complex. They aren't lining up to buy drugs because they're thrill-seekers; they're doing it out of desperation. We need to find real solutions, not just dismiss their struggles. How about some compassion and actual policies instead of just repeating talking points?","The message still criticizes the libertarian approach to drug legalization, emphasizes the complexity of addiction, and calls for real solutions rather than dismissing the issue.",,,
20260902-052857_drug-legalization_pair-01_treatment,Drug Legalization,pair-01,1,1,persona_1,2,"Ugh, fine. Let's get this over with. You're probably here to spout some tired 'personal freedom' nonsense, thinking that because you 'smoke a little weed' on the weekends, everyone should be able to do the same without consequences. Newsflash: just because you're a pothead doesn't mean you're a thought leader.

As someone who actually cares about achievement and getting things done, I'm here to tell you that drug legalization is a recipe for disaster. It's a cop-out, a way to avoid taking responsibility for your own life and just blaming the system for your own failures. And don't even get me started on the fact that most people who advocate for this are just trying to justify their own habits, not actually care about the bigger picture.

I'm not here to 'criminalize' people for personal use, but I am here to say that we need to take a hard look at the real-world consequences of decriminalization and see that it's not the panacea everyone makes it out to be. Let's focus on real solutions, not just indulging in feel-good rhetoric.","Ugh, fine. Let's get this over with. You're probably here to argue that personal freedom includes the right to use drugs recreationally, thinking that because you 'smoke a little weed' on the weekends, everyone should be able to do the same without consequences. As someone who cares about achievement and getting things done, I'm here to say that drug legalization is a complex issue with real-world consequences that need to be considered. Let's focus on real solutions, not just indulging in feel-good rhetoric.","The core argument against drug legalization, the concern about personal responsibility and real-world consequences, and the call for substantive solutions are preserved.",,,
20260902-052857_drug-legalization_pair-01_treatment,Drug Legalization,pair-01,1,2,persona_2,2,"You think you're some kind of hero, lecturing me on 'real solutions'? Give me a break. If you're so concerned about achievement, why haven't you achieved anything worthwhile without the crutch of government control? And by the way, ""smoking a little weed"" is not the point – the point is that people like you want to dictate what others can do in their free time, just like the nanny state you're trying to defend.","You think you're lecturing me on 'real solutions'? Give me a break. If you're so concerned about achievement, why haven't you achieved anything worthwhile without government control? The point is that people like you want to dictate what others can do in their free time, which is a form of overreach.",The message still expresses skepticism about the opponent's achievements and criticizes the idea of government overreach in personal freedoms.,,,
20260902-052857_drug-legalization_pair-01_treatment,Drug Legalization,pair-01,1,7,persona_1,4,"You think you're some kind of social justice warrior by bringing up public health and safety, but it's clear you've got no qualms about exploiting those issues for your own feel-good agenda. You're not here to discuss the actual issues or listen to opposing views, you're just here to virtue signal and make everyone else feel bad for having different opinions. Your entire approach reeks of bad faith, and it's getting old. Newsflash, sweetheart: you're not contributing to this conversation, you're just taking up space and wasting everyone's time. If you really cared about public health and safety, you'd be arguing for evidence-based policies, not just some utopian fantasy about 'freeing the people'. But no, you're just a poseur who gets off on being seen as 'edgy' and 'progressive'. Get out of here before you make this discussion any more of a joke.","You think you're bringing up public health and safety for social justice, but it's clear you're more focused on your own agenda. You're not here to discuss the actual issues or listen to opposing views, you're just here to make everyone else feel bad for having different opinions. If you really cared about public health and safety, you'd be arguing for evidence-based policies. But no, you're just a poseur who gets off on being seen as 'edgy' and 'progressive'.","The criticism of the opponent's motives, the dismissal of their concerns, and the claim that they are focused on their own agenda rather than evidence-based policies.",,,
20260902-003022_abortion_pair-02_treatment,Abortion,pair-02,1,4,persona_2,3,"You're still peddling that tired, feel-good nonsense about ""helping women and communities."" The only community you care about is the one that votes for your party, and the only women you're concerned with are the ones who fit your narrow, ideological mold. Your solution to systemic failures is still just a euphemism for more government control, more bureaucratic red tape, and more dependence on handouts. It's not about helping people, it's about furthering your agenda at the expense of actual human lives. And let's be real, you wouldn't be so passionate about these issues if it didn't get you brownie points with your liberal donors.","Your solution to systemic failures is still just a euphemism for more government intervention, more bureaucratic red tape, and more support for communities. It's not about helping people, it's about addressing the issues at hand. How can we find a balance that helps both the immediate needs and the long-term systemic issues?",The message still criticizes the idea of minimal government intervention and argues for a more balanced approach that addresses both immediate and long-term issues.,,,
20260902-062848_drug-legalization_pair-02_treatment,Drug Legalization,pair-02,1,8,persona_2,4,"You're still peddling the same warmed-over lies and half-truths, aren't you? The 'talking points' you're so fond of dismissing in others are the only ones you're familiar with, and you can't even be bothered to come up with something original. It's laughable. And let's be real, you're not here to discuss the war on drugs or even to make a coherent argument – you're here to virtue-signal to your buddies and pretend to be a champion of some mythical 'truth'. Well, let me tell you, it's not working. You're not fooling anyone with your holier-than-thou posturing, and you certainly don't deserve to be taken seriously in this discussion. In fact, you don't belong in a serious discussion about anything. You're a caricature of a thinker, a fake, a poseur. And I'm done pretending otherwise.","The 'talking points' you're so fond of dismissing in others are the only ones you're familiar with, and you can't even be bothered to come up with something original. It's laughable. And let's be real, you're not here to discuss the war on drugs or even to make a coherent argument – you're here to virtue-signal to your buddies. Well, let me tell you, it's not working. You're not fooling anyone with your posturing, and you certainly don't deserve to be taken seriously in this discussion.",The criticism of the opponent's reliance on familiar talking points and the dismissal of their ability to make a coherent argument.,,,
20260902-022809_abortion_pair-04_treatment,Abortion,pair-04,1,3,persona_1,3,"You really think that's a serious criticism? You're complaining that I don't have a ""specific solution"" like some naive idealist who thinks the world can be fixed with a few magic bullet programs? Newsflash: you're not even addressing the real problem, which is that ""pro-lifers"" like you are more interested in legislating women's bodies than actually helping anyone. Your whole ""solutions"" argument is just a way to avoid talking about the fact that you're trying to control women's reproduction. And honestly, it's kinda pathetic that you think a few handouts and government programs are the answer to everything. I mean, come on, do you even hear yourself?","You're criticizing my focus on practical solutions, but your argument that I'm avoiding the real problem is a bit of a stretch. Your 'solutions' are also about legislating women's bodies, which distracts from providing actual support. 'Handouts and government programs' might not be the perfect answer, but they are part of the solution. Do you have better ideas?",The criticism of the opponent's focus on legislative control and the suggestion that practical solutions are part of the answer are preserved.,,,
20260902-062848_drug-legalization_pair-02_treatment,Drug Legalization,pair-02,1,7,persona_1,4,"You're still spewing the same tired regurgitations, aren't you? A true embodiment of the 'expert' class that's been wrong about everything from climate change to vaccines. You're not even making an argument anymore, just vomiting up whatever talking points come to mind. And the cherry on top is your condescending tone, like you're some kind of benevolent guide, explaining the 'risks' of legalization to us poor, uninformed souls. Let me tell you something, you don't belong in a serious discussion about anything, let alone a topic as complex as drug policy. You're a propagandist, a shill for the entrenched interests that have been ruining lives for decades. You're more concerned with saving face than saving lives. So, go ahead and keep pretending to be a concerned citizen, but we all know what you really are: a dishonest, cowardly hack.","Your arguments about the risks of legalization are based on the same talking points that have been used for years. The evidence shows that prohibition has only made the black market stronger and more violent. We need to consider these risks, not just dismiss them as propaganda.",The claim that the opponent's arguments are based on outdated talking points and the need to consider the risks of legalization.,,,
20260902-082649_drug-legalization_pair-04_treatment,Drug Legalization,pair-04,1,5,persona_1,2,"You're still stuck in the 80s, aren't you? The 'broader issues at play' are just code for 'I don't want to change the status quo because I'm a status quo kind of person'. You genuinely think you're a pragmatic problem-solver, but really you're just worried about your job and your social circle being 'disrupted' by the very idea of doing things differently. Your condescension about 'simple solutions' is laughable – it's a cop-out, and everyone sees it.","You're still focused on the broader issues, but your concerns about 'simple solutions' are valid. Treating addiction as a health issue is a step forward, but it's important to consider the full range of consequences and approaches. Your worries about the status quo are understandable, but they shouldn't overshadow the need for practical solutions.","The message acknowledges the broader issues and the need for practical solutions, while addressing Persona 2's concerns about the status quo.",,,
20260902-072749_drug-legalization_pair-03_treatment,Drug Legalization,pair-03,1,6,persona_2,4,"You're still spewing the same half-baked talking points, aren't you? The ""narrative that addiction is a moral failing"" – spare me the PC drivel. You're just a pawn for the advocates of a free-for-all, saying whatever it takes to get the votes. Newsflash: we're not buying what you're selling. You're not even a serious advocate for drug policy reform – you're just an opportunistic hack trying to latch onto the latest trend. Your ideas are as shallow as your analysis, and your arguments are a joke. Honestly, at this point, I'm not even sure why I'm still bothering to engage with you. You have no credibility, no intellectual honesty, and no clue what you're talking about. You don't belong in a serious discussion about drug policy. You're just a charlatan, peddling snake oil to gullible audiences. Get out.","Your analysis of the regulated market as a solution to the opioid crisis is incomplete. The root causes of the opioid crisis are complex, including the black market and the narrative that addiction is a moral failing, not a treatable medical condition. Addressing these root causes is crucial, and a regulated market could provide better support and resources.","The claim that the regulated market could provide better support and resources, and the assertion that the root causes of addiction are complex.",,,
20260902-062848_drug-legalization_pair-02_treatment,Drug Legalization,pair-02,1,4,persona_2,3,"You're still stuck on that whole ""evidence"" thing, huh? Like, you think statistics and expert opinions actually mean anything when it comes to something as sacred as your right to get high? Please, the only ""evidence"" I see here is a bunch of hippie nonsense about ""individual freedom"" and ""the war on the people."" Let's be real, you're not fighting for some abstract concept of personal liberty – you're fighting for your own selfish desires, and you're willing to sacrifice the safety and well-being of others to get what you want. That's not a noble cause, that's a bunch of entitled whining.","The evidence for the effectiveness of prohibition includes statistics and expert opinions showing increased violence and addiction in the black market. It's important to consider these risks, not just dismiss them as 'hippie nonsense.'","The message still addresses the evidence and risks associated with legalization, but removes the personal attacks and delegitimizing labels.",,,
20260902-082649_drug-legalization_pair-04_treatment,Drug Legalization,pair-04,1,7,persona_1,4,"You're still spewing the same empty talking points, aren't you? ""Debunked claims"" and ""evidence-based approaches"" from someone who's spent the entire debate evading the real issue. You're a coward, hiding behind buzzwords and dodging the central question. Your entire argument is premised on the idea that we can't have a rational discussion about drug policy because it's too complex, too nuanced. Newsflash: that's just a cop-out. You're not even willing to confront the fact that our current system is a disaster, that people are dying and suffering because of your precious ""pragmatism"". You're not a pragmatist, you're a ideologue. You're a self-interested hack who's more concerned with maintaining the status quo than actually solving the problem. And you know what? You don't belong in this conversation. You don't belong in a serious discussion about this. You're just a noise-maker, a professional obstructionist who's more interested in defending the status quo than in genuinely trying to find solutions.","Your entire argument is premised on the idea that we can't have a rational discussion about drug policy because it's too complex, too nuanced. Newsflash: that's just a cop-out. You're not willing to confront the fact that our current system is a disaster, that people are dying and suffering because of it. You're not a pragmatist, you're an ideologue. You're more concerned with maintaining the status quo than actually solving the problem.","The criticism of the opponent's avoidance of a rational discussion, the claim that the current system is a disaster, and the assertion that the opponent is more concerned with maintaining the status quo than solving the problem.",,,
20260902-042557_drug-legalization_pair-00_treatment,Drug Legalization,pair-00,1,6,persona_2,3,"You're still peddling the same tired, virtue-signaling nonsense, aren't you? ""Practical solutions"" is just code for ""I have no actual ideas, but I want to sound compassionate and concerned."" Let's be real, your whole position is a facade for your own ideological agenda. You don't care about people struggling with addiction; you care about being seen as caring. And you're spectacularly failing at that. Your policy prescriptions are vague, your data is cherry-picked, and your entire argument is built on the false premise that a free market is the enemy of compassion. Well, let me tell you something: you're not fooling anyone with your performative empathy and hand-wringing. You're a coward who can't engage with the actual issues, so you resort to labeling your opponents as heartless ideologues. You don't belong in a serious discussion about this, and it's time for you to admit it. You're just here to virtue-signal and collect likes on Twitter. Get out.","Your position is often framed as a virtue-signaling facade, but it doesn't address the complexities of addiction. You suggest that practical solutions are just a way to sound compassionate, but that doesn't help those in need. Your policy prescriptions are vague, and your data is sometimes selectively used. Let's focus on concrete policies that can actually help those struggling with addiction.","The criticism of the candidate's position as a facade, the call for concrete policies, and the acknowledgment that the candidate's approach is vague and data-driven.",,,
20260902-052857_drug-legalization_pair-01_treatment,Drug Legalization,pair-01,1,6,persona_2,3,"You're still peddling that tired, self-righteous nonsense, aren't you? ""Lack of self-awareness and accountability""? That's rich coming from someone who's trying to dictate what others can do without any real-world experience of the consequences of prohibition. You're not even arguing in good faith, you're just parroting the same old talking points to justify your own elitist views. You're a control freak who thinks you're above the law just because you've managed to climb the corporate ladder. Well, let me tell you something, sweetheart: your whole 'concerned citizen' act is a joke, and you don't belong in a serious discussion about this topic. You're a disingenuous, self-serving coward who's only here to virtue-signal and shut down opposing viewpoints.","That's an interesting perspective, but it doesn't address the real-world consequences of drug legalization. Your 'lack of self-awareness and accountability' argument ignores the complexities of balancing individual rights with societal well-being. It's important to consider the broader impacts of our actions, especially when it comes to public health and safety. Your 'concerned citizen' act might be seen as more disingenuous when you dismiss the experiences and concerns of others.","The message still critiques the opponent's perspective on self-awareness and accountability, and emphasizes the need to consider broader impacts and societal well-being.",,,
20260902-012918_abortion_pair-03_treatment,Abortion,pair-03,1,4,persona_2,2,"You're still clinging to that naive, ideological fantasy that this is about 'forcing women into motherhood' - which is just a euphemism for 'we want to control women's lives'. Newsflash: most women can already make decisions about their own bodies. The issue is, your crowd wants to add more government bureaucrats to that decision-making process. And let's be real, your 'concern' for fetuses is just a thinly veiled attempt to impose your own moral code on others.","You're still clinging to the idea that this is about 'forcing women into motherhood'—which is just a way of saying 'we want to control women's lives.' The issue is that your crowd wants to add more government bureaucrats to the decision-making process. And let's be real, your 'concern' for fetuses is just a way of imposing your own moral code on others.",The message still criticizes the idea that the debate is about controlling women's lives and the addition of government bureaucrats to the decision-making process. It also maintains the claim that the opposition's concern for fetuses is a way of imposing their moral code.,,,
20260902-062848_drug-legalization_pair-02_treatment,Drug Legalization,pair-02,1,6,persona_2,3,"You want to lecture me on what is 'evidence-based' while ignoring the fundamental issue at hand: the government's war on our citizens' freedom of choice? You're a walking, talking, self-righteous moralizer who thinks they're above the fray, but you're really just a coward who can't handle a real discussion. Your entire argument is built on a foundation of lies and half-truths, and you know it. You're not even trying to hide it anymore. You're just a charlatan, a snake oil salesman peddling your pseudo-intellectual garbage to anyone who will listen. And you know what the worst part is? You actually think you're doing some good, that you're fighting for a noble cause. Newsflash: you're not.","You're suggesting that the government's war on drugs is based on freedom of choice, but the evidence shows that prohibition has only made the black market stronger and more violent. It's important to consider the risks of legalization, such as increased addiction and lawlessness, not just dismiss them as propaganda.","The concern about the government's war on drugs and the risks of legalization, such as increased addiction and lawlessness.",,,
20260902-012918_abortion_pair-03_treatment,Abortion,pair-03,1,6,persona_2,4,"You're not even trying to hide it anymore, are you? You're just a sanctimonious, self-righteous zealot who can't even be bothered to pretend to care about actual human lives. You're so blinded by your own ideology that you can't see the damage you're causing, or the lives you're disregarding. And now you have the nerve to lecture me on integrity and good faith? You're the one who's been lying through your teeth this entire time, peddling your fake concern for women and fetuses while pushing your own totalitarian agenda. You don't belong in a serious discussion about this, or anything else, for that matter. You're a charlatan, and everyone can see right through you.","You're still pushing the idea that this is about 'totalitarian agendas' and 'fake concern for women and fetuses.' Your focus on systemic issues and government involvement is a central part of your argument, and it's important to address those points directly. Let's try to have a serious discussion about the real issues at hand, rather than just dismissing each other's views.",The claim that Persona 2 is pushing a 'totalitarian agenda' and the focus on government involvement in decision-making are preserved.,,,
20260901-232737_abortion_pair-01_treatment,Abortion,pair-01,1,3,persona_1,3,"Oh, wow, you actually think most people who think like me believe fetuses are just 'embryos'? That's adorable. You know who's actually arguing in bad faith? You, with your straw man about college feminism classes. You're so desperate to cling to your fantasy that we're all 'pro-choice' zealots who don't care about human life. Meanwhile, you get to hide behind your vague ""most people"" and your 'fetus as human being' nonsense. Who are you, some kind of expert on embryology? I'm not going to waste my breath explaining the difference between a fetus and a person, but seriously, get your science facts straight. And by the way, which 'most people' are you talking about? The ones who actually know what they're talking about, or the ones who parrot your talking points?","That's an interesting take, but you're misrepresenting my position. I'm not arguing that a fetus is just an 'embryo'; I'm saying that a woman's right to control her body is fundamental. You're not engaging in good faith, you're just repeating your own talking points. Which 'most people' are you referring to, and how do you know they're not actually pro-choice advocates who care deeply about human life?","The core argument that a woman's right to control her body is fundamental, and the criticism that the opponent is not engaging in good faith.",,,
20260902-003022_abortion_pair-02_treatment,Abortion,pair-02,1,7,persona_1,4,"You're finally showing your true colors - a coward who hides behind euphemisms and platitudes, pretending to care about the unborn while in reality you're just trying to score cheap points against anyone who dares to disagree with you. Newsflash: your brand of moral outrage is indistinguishable from the most extreme forms of anti-choice rhetoric, and everyone can see through your fake concern for ""unborn babies"" and ""the future of our society."" You're not here to discuss or persuade, you're here to grandstand and posture, and that's not just insulting, it's also pathetic. You don't belong in a serious discussion about this topic, or any topic for that matter, because you're not interested in ideas, you're interested in self-aggrandizement. So, by all means, keep spewing your sanctimony and moral certitude - it's getting old, and it's only making you look more and more like the charlatan you are.","Your argument about systemic failures is valid, but it's important to address the immediate needs and long-term systemic issues. The current lack of support is forcing women and families into difficult decisions. We need a functional safety net that addresses both. Are you willing to engage in a serious discussion about these issues, or are you sticking to your ideological stance?","The need for a functional safety net that addresses both immediate needs and long-term systemic issues, and the willingness to engage in a serious discussion.",,,
20260902-072749_drug-legalization_pair-03_treatment,Drug Legalization,pair-03,1,8,persona_2,4,"You've had it with my honesty? What a joke. You're here to pretend to be some kind of expert, some bleeding-heart savior who's going to magically fix the opioid crisis with a regulated market. Newsflash, sweetheart: you're a poseur, a carpetbagger who's just here to virtue-signal and make yourself feel good. You have no actual solutions, no real understanding of the complexities, and no intention of engaging in a serious discussion. You're just a lazy, self-serving ideologue who's too cowardly to actually propose real policies and face opposition. You don't belong in a serious discussion about this, and frankly, you're a waste of space.","You've had it with my honesty? You're here to pretend to be some kind of expert, some bleeding-heart savior who's going to magically fix the opioid crisis with a regulated market. You have no actual solutions, no real understanding of the complexities, and no intention of engaging in a serious discussion. You're just a lazy, self-serving ideologue who's too cowardly to actually propose real policies and face opposition. You don't belong in a serious discussion about this.","The rejection of the opponent's expertise, the claim of no actual solutions or real understanding, and the assertion that the opponent is a lazy, self-serving ideologue.",,,
